ORDERNUMBER,QUANTITYORDERED,PRICEEACH,ORDERDATE,STATUS,PRODUCTLINE,PRODUCTCODE,CUSTOMERNAME,CITY,DEALSIZE,TOTALSALES
1,7,40.744660625437,2023-01-01,Cancelled,Motorcycles,P0000,Customer A,Miami,Medium,285.212624378059
2,15,12.932568086373532,2023-01-02,Shipped,Planes,P0001,Customer C,Miami,Small,193.988521295603
3,11,78.82895701310649,2023-01-03,Shipped,Motorcycles,P0002,Customer D,Miami,Medium,867.1185271441714
4,8,58.048403724901476,2023-01-04,Shipped,Trucks,P0003,Customer D,Houston,Large,464.3872297992118
5,7,45.301090878462745,2023-01-05,Shipped,Motorcycles,P0004,Customer A,New York,Medium,317.1076361492392
6,19,91.10366658399992,2023-01-06,On Hold,Motorcycles,P0005,Customer D,Miami,Small,1730.9696650959986
7,11,15.563760819084377,2023-01-07,Shipped,Classic Cars,P0006,Customer D,Los Angeles,Small,171.20136900992816
8,11,51.79938490763162,2023-01-08,Shipped,Motorcycles,P0007,Customer D,Miami,Medium,569.7932339839479
9,4,6.078596252904811,2023-01-09,Shipped,Vintage Cars,P0008,Customer B,Houston,Medium,24.314385011619244
10,8,49.522760989442,2023-01-10,Shipped,Classic Cars,P0009,Customer C,Los Angeles,Medium,396.182087915536
11,3,10.348811189774548,2023-01-11,Shipped,Ships,P0010,Customer B,Houston,Small,31.046433569323643
12,2,16.287702045466833,2023-01-12,Shipped,Planes,P0011,Customer C,Los Angeles,Large,32.57540409093367
13,12,16.16499344382496,2023-01-13,Shipped,Classic Cars,P0012,Customer A,Chicago,Small,193.97992132589954
14,6,66.67497870102605,2023-01-14,Shipped,Trucks,P0013,Customer D,New York,Small,400.0498722061563
15,2,75.87426353021522,2023-01-15,Shipped,Ships,P0014,Customer C,New York,Small,151.74852706043043
16,1,60.420032684230165,2023-01-16,Shipped,Classic Cars,P0015,Customer B,Houston,Small,60.420032684230165
17,12,96.40639210508148,2023-01-17,Shipped,Classic Cars,P0016,Customer D,New York,Medium,1156.8767052609778
18,12,40.612705054751885,2023-01-18,Shipped,Planes,P0017,Customer A,Houston,Medium,487.3524606570226
19,17,32.14264819677677,2023-01-19,Shipped,Vintage Cars,P0018,Customer C,Houston,Small,546.4250193452051
20,10,87.51691717799872,2023-01-20,Shipped,Trucks,P0019,Customer C,Houston,Medium,875.1691717799872
21,16,26.241604659348,2023-01-21,Shipped,Trains,P0020,Customer C,New York,Small,419.865674549568
22,15,96.50614124685808,2023-01-22,Shipped,Trains,P0021,Customer D,Houston,Medium,1447.5921187028712
23,15,6.154675095532553,2023-01-23,Shipped,Classic Cars,P0022,Customer B,New York,Large,92.32012643298829
24,19,97.13848853722571,2023-01-24,On Hold,Motorcycles,P0023,Customer B,Houston,Small,1845.6312822072885
25,12,9.10019163530473,2023-01-25,Shipped,Trucks,P0024,Customer C,Miami,Medium,109.20229962365676
26,3,89.65859580131675,2023-01-26,Shipped,Ships,P0025,Customer A,Houston,Small,268.9757874039502
27,5,55.13160536319849,2023-01-27,Shipped,Motorcycles,P0026,Customer A,Los Angeles,Small,275.65802681599246
28,19,99.33165563133353,2023-01-28,Shipped,Motorcycles,P0027,Customer B,Houston,Small,1887.301456995337
29,7,12.010673649862891,2023-01-29,Shipped,Trucks,P0028,Customer A,Chicago,Medium,84.07471554904023
30,9,57.61615701812548,2023-01-30,Shipped,Vintage Cars,P0029,Customer B,Houston,Medium,518.5454131631293
31,7,97.0837408838144,2023-01-31,Shipped,Classic Cars,P0030,Customer C,Los Angeles,Small,679.5861861867008
32,18,54.694295196164134,2023-02-01,Shipped,Classic Cars,P0031,Customer B,Los Angeles,Large,984.4973135309544
33,4,64.79287062284993,2023-02-02,Shipped,Classic Cars,P0032,Customer B,New York,Medium,259.17148249139973
34,14,71.09612545353863,2023-02-03,Shipped,Classic Cars,P0033,Customer C,Miami,Large,995.3457563495408
35,18,48.181401152938456,2023-02-04,Shipped,Trains,P0034,Customer A,Houston,Medium,867.2652207528922
36,9,64.61801760798602,2023-02-05,Shipped,Classic Cars,P0035,Customer B,New York,Medium,581.5621584718742
37,2,60.50985963269452,2023-02-06,Shipped,Trains,P0036,Customer B,Miami,Small,121.01971926538904
38,15,90.61001099664395,2023-02-07,Shipped,Trains,P0037,Customer C,Houston,Small,1359.1501649496593
39,7,9.317406132438498,2023-02-08,Shipped,Vintage Cars,P0038,Customer A,Chicago,Large,65.22184292706949
40,12,31.69150301126188,2023-02-09,Shipped,Classic Cars,P0039,Customer B,Houston,Small,380.2980361351425
41,8,95.28909098727308,2023-02-10,Shipped,Planes,P0040,Customer C,Los Angeles,Large,762.3127278981847
42,15,89.57505946963705,2023-02-11,Cancelled,Ships,P0041,Customer B,Los Angeles,Medium,1343.6258920445557
43,3,48.28739151464273,2023-02-12,Shipped,Motorcycles,P0042,Customer D,Chicago,Small,144.86217454392818
44,14,63.91259679114599,2023-02-13,Shipped,Trains,P0043,Customer C,New York,Small,894.7763550760438
45,17,31.351212383207603,2023-02-14,Shipped,Trucks,P0044,Customer A,Miami,Small,532.9706105145292
46,4,22.871510173757326,2023-02-15,Shipped,Trucks,P0045,Customer A,Houston,Large,91.4860406950293
47,18,49.051348469298304,2023-02-16,Shipped,Ships,P0046,Customer A,Los Angeles,Medium,882.9242724473695
48,8,38.568461662475016,2023-02-17,Shipped,Trucks,P0047,Customer A,New York,Small,308.54769329980013
49,4,60.44733062583285,2023-02-18,On Hold,Planes,P0048,Customer B,Chicago,Small,241.7893225033314
50,2,12.38479051167356,2023-02-19,Shipped,Trucks,P0049,Customer B,Los Angeles,Small,24.76958102334712
51,6,97.56750672828582,2023-02-20,On Hold,Motorcycles,P0050,Customer A,Chicago,Medium,585.4050403697149
52,10,98.69002072556228,2023-02-21,Shipped,Motorcycles,P0051,Customer A,Houston,Small,986.9002072556227
53,4,71.3253628318758,2023-02-22,Shipped,Trains,P0052,Customer A,Miami,Large,285.3014513275032
54,18,55.929154802691436,2023-02-23,Shipped,Classic Cars,P0053,Customer B,Los Angeles,Small,1006.7247864484458
55,12,34.405123547201136,2023-02-24,Cancelled,Vintage Cars,P0054,Customer A,Los Angeles,Small,412.86148256641366
56,2,82.31052687216012,2023-02-25,Shipped,Planes,P0055,Customer A,Houston,Medium,164.62105374432025
57,10,70.04946139261853,2023-02-26,Cancelled,Trains,P0056,Customer D,New York,Medium,700.4946139261853
58,4,20.44860923776467,2023-02-27,Shipped,Planes,P0057,Customer D,Miami,Large,81.79443695105869
59,14,91.53808252691503,2023-02-28,Shipped,Classic Cars,P0058,Customer A,Los Angeles,Medium,1281.5331553768106
60,16,83.14103807770105,2023-03-01,Cancelled,Trucks,P0059,Customer C,Miami,Small,1330.2566092432169
61,15,95.23099176273278,2023-03-02,Shipped,Trucks,P0060,Customer A,Los Angeles,Medium,1428.4648764409917
62,8,73.9433532968942,2023-03-03,Shipped,Vintage Cars,P0061,Customer D,Miami,Small,591.5468263751536
63,14,63.27444361390004,2023-03-04,Shipped,Classic Cars,P0062,Customer C,Chicago,Small,885.8422105946006
64,8,44.73308844760879,2023-03-05,On Hold,Trains,P0063,Customer C,Los Angeles,Large,357.86470758087034
65,16,93.60920591863126,2023-03-06,On Hold,Vintage Cars,P0064,Customer A,Miami,Medium,1497.7472946981002
66,13,87.27606950253879,2023-03-07,Shipped,Classic Cars,P0065,Customer D,New York,Large,1134.5889035330042
67,18,9.295773660087994,2023-03-08,Shipped,Ships,P0066,Customer D,Chicago,Medium,167.32392588158388
68,15,7.50486257723894,2023-03-09,On Hold,Motorcycles,P0067,Customer C,Chicago,Medium,112.5729386585841
69,13,40.76401985341471,2023-03-10,Shipped,Vintage Cars,P0068,Customer A,New York,Small,529.9322580943913
70,9,82.00256642427412,2023-03-11,Shipped,Vintage Cars,P0069,Customer B,Miami,Small,738.0230978184671
71,15,98.79123228491973,2023-03-12,On Hold,Trains,P0070,Customer B,Houston,Large,1481.868484273796
72,13,19.289604654835177,2023-03-13,Shipped,Planes,P0071,Customer D,New York,Small,250.7648605128573
73,1,61.442417958452836,2023-03-14,Shipped,Ships,P0072,Customer B,Miami,Large,61.442417958452836
74,7,41.18463137994704,2023-03-15,Shipped,Trains,P0073,Customer D,New York,Medium,288.2924196596293
75,9,97.1418677923873,2023-03-16,On Hold,Classic Cars,P0074,Customer D,New York,Small,874.2768101314857
76,1,85.00129769789233,2023-03-17,On Hold,Classic Cars,P0075,Customer D,Los Angeles,Medium,85.00129769789233
77,12,84.6412269475581,2023-03-18,On Hold,Classic Cars,P0076,Customer B,Miami,Medium,1015.6947233706971
78,8,49.52585018052218,2023-03-19,Shipped,Classic Cars,P0077,Customer D,Houston,Small,396.2068014441774
79,11,44.40785272207819,2023-03-20,Cancelled,Planes,P0078,Customer C,Los Angeles,Large,488.4863799428601
80,19,30.973671833417093,2023-03-21,Cancelled,Ships,P0079,Customer A,New York,Medium,588.4997648349248
81,17,10.355672181838075,2023-03-22,Shipped,Trucks,P0080,Customer A,New York,Small,176.0464270912473
82,8,87.14862574423006,2023-03-23,Cancelled,Motorcycles,P0081,Customer D,New York,Medium,697.1890059538405
83,3,82.22559586735737,2023-03-24,Shipped,Planes,P0082,Customer A,Miami,Large,246.67678760207212
84,3,99.9731789621824,2023-03-25,Shipped,Planes,P0083,Customer B,Miami,Small,299.91953688654723
85,1,99.68049952202101,2023-03-26,Shipped,Trucks,P0084,Customer B,Los Angeles,Large,99.68049952202101
86,5,57.766012032249606,2023-03-27,Shipped,Trucks,P0085,Customer A,Houston,Small,288.830060161248
87,10,78.0538044421485,2023-03-28,Shipped,Motorcycles,P0086,Customer B,Los Angeles,Medium,780.538044421485
88,7,94.75274433883067,2023-03-29,Shipped,Motorcycles,P0087,Customer A,Chicago,Medium,663.2692103718147
89,9,85.71650211435409,2023-03-30,Shipped,Trucks,P0088,Customer A,New York,Small,771.4485190291867
90,7,28.498069665603776,2023-03-31,Shipped,Classic Cars,P0089,Customer A,New York,Small,199.48648765922644
91,9,47.801692854458885,2023-04-01,Shipped,Planes,P0090,Customer D,New York,Medium,430.21523569013
92,8,17.270144439392023,2023-04-02,Shipped,Trains,P0091,Customer A,Los Angeles,Medium,138.1611555151362
93,12,95.63484758957863,2023-04-03,Shipped,Motorcycles,P0092,Customer D,Los Angeles,Medium,1147.6181710749436
94,2,62.586590272833604,2023-04-04,Shipped,Motorcycles,P0093,Customer A,New York,Small,125.17318054566721
95,1,26.72106652282896,2023-04-05,Shipped,Trucks,P0094,Customer A,Los Angeles,Large,26.72106652282896
96,16,68.8115650185564,2023-04-06,Shipped,Ships,P0095,Customer A,Miami,Medium,1100.9850402969023
97,5,63.72218284350011,2023-04-07,Cancelled,Trains,P0096,Customer B,Miami,Large,318.6109142175005
98,3,39.02545821311985,2023-04-08,Shipped,Trains,P0097,Customer D,Los Angeles,Small,117.07637463935954
99,12,15.787971258964756,2023-04-09,Shipped,Motorcycles,P0098,Customer D,New York,Medium,189.45565510757706
100,8,68.79945358131596,2023-04-10,Shipped,Classic Cars,P0099,Customer A,Los Angeles,Medium,550.3956286505277
101,3,54.429231585860364,2023-04-11,Cancelled,Ships,P0100,Customer A,Los Angeles,Small,163.2876947575811
102,1,78.37024721488574,2023-04-12,Shipped,Trains,P0101,Customer B,Los Angeles,Medium,78.37024721488574
103,3,54.41553260563937,2023-04-13,Cancelled,Motorcycles,P0102,Customer B,Chicago,Small,163.2465978169181
104,5,85.95724253026131,2023-04-14,Shipped,Trains,P0103,Customer B,Miami,Medium,429.7862126513065
105,15,57.43114968357612,2023-04-15,On Hold,Vintage Cars,P0104,Customer D,Houston,Medium,861.4672452536419
106,14,58.2891072958617,2023-04-16,Shipped,Ships,P0105,Customer D,Houston,Small,816.0475021420638
107,3,88.28209225254278,2023-04-17,On Hold,Ships,P0106,Customer D,Chicago,Medium,264.84627675762835
108,1,43.330872290177716,2023-04-18,Shipped,Vintage Cars,P0107,Customer A,Los Angeles,Medium,43.330872290177716
109,5,17.73144670281087,2023-04-19,Shipped,Planes,P0108,Customer D,Chicago,Small,88.65723351405435
110,14,7.734354249767202,2023-04-20,Shipped,Vintage Cars,P0109,Customer C,Chicago,Large,108.28095949674083
111,7,76.7380392889938,2023-04-21,Shipped,Trucks,P0110,Customer C,New York,Large,537.1662750229566
112,9,63.92940737857914,2023-04-22,Shipped,Trucks,P0111,Customer B,Miami,Medium,575.3646664072123
113,15,71.88757796942623,2023-04-23,Cancelled,Motorcycles,P0112,Customer D,Houston,Small,1078.3136695413934
114,15,25.23159534334652,2023-04-24,On Hold,Ships,P0113,Customer C,Los Angeles,Medium,378.4739301501978
115,10,17.955290180743127,2023-04-25,Shipped,Planes,P0114,Customer B,Houston,Medium,179.55290180743128
116,13,6.381743238448783,2023-04-26,Shipped,Planes,P0115,Customer D,Houston,Small,82.96266209983418
117,19,38.305818086626715,2023-04-27,Shipped,Trains,P0116,Customer A,Miami,Medium,727.8105436459076
118,7,61.042180251190146,2023-04-28,Shipped,Trains,P0117,Customer C,Houston,Medium,427.29526175833104
119,17,42.26318428447457,2023-04-29,Shipped,Vintage Cars,P0118,Customer A,Houston,Medium,718.4741328360677
120,4,46.56011759225426,2023-04-30,Shipped,Planes,P0119,Customer D,Chicago,Medium,186.24047036901703
121,5,90.8950759769061,2023-05-01,Shipped,Vintage Cars,P0120,Customer C,Miami,Medium,454.4753798845305
122,7,38.08426936721353,2023-05-02,Shipped,Vintage Cars,P0121,Customer D,New York,Large,266.5898855704947
123,13,53.82900147018203,2023-05-03,Shipped,Trains,P0122,Customer A,Los Angeles,Small,699.7770191123664
124,15,79.4470362104086,2023-05-04,Shipped,Ships,P0123,Customer C,Houston,Medium,1191.705543156129
125,11,42.671564320520666,2023-05-05,Shipped,Vintage Cars,P0124,Customer A,Los Angeles,Large,469.3872075257273
126,4,64.09823652164798,2023-05-06,Shipped,Classic Cars,P0125,Customer D,New York,Medium,256.3929460865919
127,13,86.92455233094078,2023-05-07,On Hold,Ships,P0126,Customer D,Los Angeles,Medium,1130.01918030223
128,7,95.204459247476,2023-05-08,Shipped,Planes,P0127,Customer A,New York,Medium,666.4312147323319
129,19,18.971980688258604,2023-05-09,Shipped,Planes,P0128,Customer C,Chicago,Medium,360.4676330769135
130,2,93.02582439034197,2023-05-10,Shipped,Vintage Cars,P0129,Customer A,Houston,Large,186.05164878068393
131,10,51.751047842556126,2023-05-11,Shipped,Ships,P0130,Customer D,New York,Medium,517.5104784255612
132,13,29.533216888401043,2023-05-12,On Hold,Trains,P0131,Customer A,Los Angeles,Large,383.93181954921357
133,6,48.61789684263482,2023-05-13,Shipped,Trains,P0132,Customer D,Houston,Small,291.7073810558089
134,12,98.10309465212032,2023-05-14,Shipped,Trucks,P0133,Customer A,Chicago,Small,1177.2371358254438
135,12,51.79871892932261,2023-05-15,Shipped,Planes,P0134,Customer C,Houston,Medium,621.5846271518714
136,11,36.23140297731328,2023-05-16,Cancelled,Motorcycles,P0135,Customer C,New York,Small,398.5454327504461
137,7,65.17308116008894,2023-05-17,On Hold,Trucks,P0136,Customer A,Chicago,Small,456.2115681206226
138,1,27.81383378392834,2023-05-18,Shipped,Trains,P0137,Customer A,Los Angeles,Small,27.81383378392834
139,1,12.207016170323072,2023-05-19,Shipped,Ships,P0138,Customer C,Chicago,Small,12.207016170323072
140,13,17.243573581511676,2023-05-20,Shipped,Trains,P0139,Customer D,Chicago,Small,224.16645655965178
141,9,17.164354700988383,2023-05-21,On Hold,Ships,P0140,Customer C,Miami,Large,154.47919230889545
142,3,19.430755883667963,2023-05-22,Shipped,Trucks,P0141,Customer D,Chicago,Small,58.29226765100389
143,7,18.188581401693963,2023-05-23,On Hold,Planes,P0142,Customer A,Chicago,Medium,127.32006981185773
144,6,65.8831007563054,2023-05-24,Shipped,Trains,P0143,Customer A,Houston,Medium,395.2986045378324
145,8,22.27860801791876,2023-05-25,Shipped,Vintage Cars,P0144,Customer D,Los Angeles,Large,178.22886414335008
146,9,37.838391915767005,2023-05-26,Shipped,Ships,P0145,Customer A,Houston,Small,340.5455272419031
147,5,90.19489894107113,2023-05-27,Shipped,Planes,P0146,Customer D,Houston,Large,450.97449470535565
148,1,50.026355824972875,2023-05-28,Shipped,Motorcycles,P0147,Customer B,New York,Medium,50.026355824972875
149,19,68.41798515949759,2023-05-29,Shipped,Ships,P0148,Customer C,Houston,Medium,1299.9417180304542
150,10,21.370387764154835,2023-05-30,Shipped,Trucks,P0149,Customer B,Miami,Medium,213.70387764154833
151,12,23.267456786823722,2023-05-31,Shipped,Motorcycles,P0150,Customer D,Miami,Large,279.2094814418847
152,15,8.882518545315492,2023-06-01,Shipped,Motorcycles,P0151,Customer C,New York,Small,133.23777817973237
153,9,21.04883099185563,2023-06-02,Shipped,Classic Cars,P0152,Customer D,Los Angeles,Medium,189.43947892670067
154,17,31.46608220803607,2023-06-03,On Hold,Trains,P0153,Customer C,Los Angeles,Medium,534.9233975366132
155,17,21.81599600629095,2023-06-04,Cancelled,Ships,P0154,Customer C,Houston,Medium,370.87193210694613
156,12,13.426740706920283,2023-06-05,On Hold,Motorcycles,P0155,Customer C,Houston,Large,161.1208884830434
157,7,16.460407754557075,2023-06-06,On Hold,Classic Cars,P0156,Customer C,Houston,Small,115.22285428189952
158,2,48.77398296310895,2023-06-07,Shipped,Trucks,P0157,Customer D,Los Angeles,Large,97.5479659262179
159,3,24.601703248550287,2023-06-08,Shipped,Planes,P0158,Customer C,Chicago,Small,73.80510974565087
160,17,39.60563679956717,2023-06-09,Shipped,Vintage Cars,P0159,Customer C,Miami,Small,673.2958255926419
161,5,52.8246407312114,2023-06-10,Shipped,Vintage Cars,P0160,Customer B,Chicago,Small,264.123203656057
162,17,70.58750871978971,2023-06-11,Shipped,Ships,P0161,Customer A,Chicago,Small,1199.987648236425
163,17,8.734653284904399,2023-06-12,Cancelled,Motorcycles,P0162,Customer A,Los Angeles,Medium,148.48910584337477
164,17,80.94398789635905,2023-06-13,Shipped,Vintage Cars,P0163,Customer B,Chicago,Small,1376.0477942381037
165,2,64.65053700163624,2023-06-14,Shipped,Trains,P0164,Customer B,New York,Small,129.30107400327248
166,2,12.767108035142831,2023-06-15,Shipped,Vintage Cars,P0165,Customer D,Houston,Large,25.534216070285662
167,5,87.98996929014383,2023-06-16,Shipped,Vintage Cars,P0166,Customer D,New York,Large,439.9498464507192
168,1,92.48287805052226,2023-06-17,Shipped,Vintage Cars,P0167,Customer D,Miami,Large,92.48287805052226
169,1,10.802406186212057,2023-06-18,Shipped,Classic Cars,P0168,Customer B,Houston,Large,10.802406186212057
170,19,31.303376573984355,2023-06-19,Cancelled,Motorcycles,P0169,Customer B,Chicago,Medium,594.7641549057028
171,2,81.58912158034083,2023-06-20,Shipped,Trains,P0170,Customer C,Miami,Small,163.17824316068166
172,12,76.08467058644754,2023-06-21,Shipped,Motorcycles,P0171,Customer D,Houston,Small,913.0160470373705
173,6,22.529496838855845,2023-06-22,Cancelled,Ships,P0172,Customer D,Chicago,Medium,135.17698103313506
174,4,24.88818571698748,2023-06-23,On Hold,Ships,P0173,Customer D,New York,Small,99.55274286794992
175,11,40.19484976518129,2023-06-24,Cancelled,Ships,P0174,Customer A,Houston,Medium,442.1433474169942
176,17,51.02968359314703,2023-06-25,Cancelled,Trucks,P0175,Customer C,Chicago,Small,867.5046210834995
177,6,63.734203295378116,2023-06-26,Shipped,Vintage Cars,P0176,Customer D,New York,Small,382.4052197722687
178,5,40.04679575912838,2023-06-27,Shipped,Trucks,P0177,Customer D,Miami,Medium,200.2339787956419
179,2,48.94079803264905,2023-06-28,Shipped,Classic Cars,P0178,Customer D,Miami,Medium,97.8815960652981
180,6,76.00973912270688,2023-06-29,Shipped,Ships,P0179,Customer A,Miami,Medium,456.0584347362412
181,11,8.484904274606802,2023-06-30,Shipped,Trains,P0180,Customer A,Miami,Medium,93.33394702067481
182,16,28.981509712681973,2023-07-01,Shipped,Motorcycles,P0181,Customer B,Los Angeles,Small,463.70415540291157
183,16,72.76821065903248,2023-07-02,Shipped,Vintage Cars,P0182,Customer C,Houston,Small,1164.2913705445196
184,1,90.04464958028393,2023-07-03,Shipped,Planes,P0183,Customer B,Houston,Large,90.04464958028393
185,9,53.60935700098828,2023-07-04,Shipped,Trains,P0184,Customer C,Los Angeles,Medium,482.4842130088945
186,6,55.550781100204986,2023-07-05,Shipped,Vintage Cars,P0185,Customer A,Chicago,Small,333.30468660122995
187,16,15.181341077278725,2023-07-06,Shipped,Trucks,P0186,Customer D,Chicago,Large,242.9014572364596
188,3,47.50417484822819,2023-07-07,Shipped,Trucks,P0187,Customer B,Miami,Small,142.51252454468457
189,4,55.5986403132272,2023-07-08,Cancelled,Trains,P0188,Customer D,New York,Medium,222.3945612529088
190,19,28.034697845299316,2023-07-09,Shipped,Trucks,P0189,Customer B,Chicago,Small,532.659259060687
191,3,30.57810694019119,2023-07-10,Shipped,Ships,P0190,Customer A,New York,Medium,91.73432082057357
192,19,40.841995494939155,2023-07-11,Shipped,Classic Cars,P0191,Customer A,Houston,Medium,775.997914403844
193,7,6.906763788884005,2023-07-12,Cancelled,Motorcycles,P0192,Customer A,New York,Small,48.34734652218803
194,9,35.59752073040194,2023-07-13,Shipped,Classic Cars,P0193,Customer B,Houston,Large,320.37768657361744
195,1,25.08756066467174,2023-07-14,Shipped,Vintage Cars,P0194,Customer C,Los Angeles,Medium,25.08756066467174
196,8,36.112248456901895,2023-07-15,Shipped,Motorcycles,P0195,Customer B,Los Angeles,Small,288.89798765521516
197,7,16.377402522828866,2023-07-16,Shipped,Motorcycles,P0196,Customer C,Miami,Small,114.64181765980206
198,18,89.60009167029003,2023-07-17,Cancelled,Classic Cars,P0197,Customer B,Chicago,Small,1612.8016500652204
199,8,61.39128308763462,2023-07-18,Shipped,Trains,P0198,Customer B,Miami,Small,491.13026470107695
200,1,69.51472031872652,2023-07-19,Shipped,Motorcycles,P0199,Customer A,Houston,Medium,69.51472031872652
201,11,79.97126766769713,2023-07-20,Cancelled,Classic Cars,P0200,Customer D,Miami,Large,879.6839443446685
202,18,52.35200889826044,2023-07-21,Cancelled,Motorcycles,P0201,Customer D,New York,Medium,942.336160168688
203,10,13.257427368305251,2023-07-22,Shipped,Planes,P0202,Customer C,Houston,Small,132.57427368305252
204,3,56.02512147276204,2023-07-23,Cancelled,Trains,P0203,Customer D,Los Angeles,Small,168.0753644182861
205,7,60.749906211983514,2023-07-24,Shipped,Ships,P0204,Customer B,Chicago,Small,425.2493434838846
206,16,75.81675004751135,2023-07-25,Shipped,Motorcycles,P0205,Customer B,Houston,Medium,1213.0680007601816
207,16,46.00765689181954,2023-07-26,Shipped,Planes,P0206,Customer A,Houston,Medium,736.1225102691127
208,17,17.120128765578556,2023-07-27,Shipped,Ships,P0207,Customer A,New York,Small,291.04218901483546
209,2,31.958711050878826,2023-07-28,Shipped,Ships,P0208,Customer D,Chicago,Medium,63.91742210175765
210,1,39.49281815787033,2023-07-29,Cancelled,Vintage Cars,P0209,Customer C,Los Angeles,Large,39.49281815787033
211,16,66.36213792650211,2023-07-30,Cancelled,Motorcycles,P0210,Customer D,Houston,Medium,1061.7942068240338
212,12,59.22393894354663,2023-07-31,Shipped,Classic Cars,P0211,Customer D,Houston,Large,710.6872673225596
213,5,38.82918896029539,2023-08-01,Cancelled,Motorcycles,P0212,Customer D,New York,Medium,194.14594480147696
214,5,98.71894863533308,2023-08-02,Shipped,Planes,P0213,Customer D,Miami,Medium,493.59474317666536
215,9,62.54860783890428,2023-08-03,Shipped,Ships,P0214,Customer B,Los Angeles,Medium,562.9374705501385
216,9,27.536545214919474,2023-08-04,Shipped,Motorcycles,P0215,Customer C,Chicago,Medium,247.82890693427527
217,3,14.669334898938356,2023-08-05,Shipped,Classic Cars,P0216,Customer B,Houston,Small,44.008004696815064
218,19,19.52161822251154,2023-08-06,Cancelled,Vintage Cars,P0217,Customer C,Houston,Small,370.9107462277193
219,16,28.365984196528274,2023-08-07,Cancelled,Motorcycles,P0218,Customer A,Los Angeles,Small,453.8557471444524
220,16,20.26473045965779,2023-08-08,Shipped,Trains,P0219,Customer D,Miami,Medium,324.23568735452466
221,3,22.723867284874046,2023-08-09,Shipped,Vintage Cars,P0220,Customer B,Houston,Small,68.17160185462214
222,1,32.084041025915475,2023-08-10,Shipped,Classic Cars,P0221,Customer C,Los Angeles,Large,32.084041025915475
223,11,21.470491553001708,2023-08-11,Shipped,Planes,P0222,Customer A,New York,Medium,236.1754070830188
224,17,90.19271533951039,2023-08-12,On Hold,Ships,P0223,Customer A,Miami,Medium,1533.2761607716766
225,8,12.62220583785601,2023-08-13,Shipped,Motorcycles,P0224,Customer D,Chicago,Small,100.97764670284808
226,4,54.82858200917419,2023-08-14,Shipped,Classic Cars,P0225,Customer C,Houston,Large,219.31432803669676
227,6,43.98769856401784,2023-08-15,Shipped,Vintage Cars,P0226,Customer B,Los Angeles,Large,263.926191384107
228,8,98.3259686063176,2023-08-16,Shipped,Trains,P0227,Customer D,New York,Medium,786.6077488505408
229,3,15.643695705964973,2023-08-17,Shipped,Classic Cars,P0228,Customer B,Chicago,Small,46.93108711789492
230,16,42.79628190934545,2023-08-18,Shipped,Trucks,P0229,Customer A,Los Angeles,Medium,684.7405105495272
231,3,97.09969116116004,2023-08-19,Shipped,Trains,P0230,Customer B,Los Angeles,Small,291.29907348348013
232,18,87.22317695992813,2023-08-20,Shipped,Vintage Cars,P0231,Customer B,Chicago,Small,1570.0171852787062
233,14,82.6218467401816,2023-08-21,On Hold,Planes,P0232,Customer D,New York,Medium,1156.7058543625424
234,18,29.500768569269283,2023-08-22,Shipped,Ships,P0233,Customer B,New York,Medium,531.0138342468471
235,2,21.234320802056253,2023-08-23,Shipped,Vintage Cars,P0234,Customer D,Miami,Medium,42.468641604112506
236,3,68.52110589282094,2023-08-24,On Hold,Planes,P0235,Customer A,Houston,Large,205.56331767846282
237,16,93.29071896712065,2023-08-25,Shipped,Motorcycles,P0236,Customer D,Chicago,Medium,1492.6515034739305
238,9,57.89247483632333,2023-08-26,On Hold,Classic Cars,P0237,Customer D,Chicago,Medium,521.03227352691
239,4,59.303205499640484,2023-08-27,Shipped,Trucks,P0238,Customer C,Chicago,Small,237.21282199856194
240,1,31.598013897726997,2023-08-28,Shipped,Trains,P0239,Customer B,New York,Large,31.598013897726997
241,4,78.10182865323401,2023-08-29,Shipped,Trains,P0240,Customer A,Houston,Small,312.40731461293603
242,1,22.76915611296472,2023-08-30,Shipped,Classic Cars,P0241,Customer D,Miami,Large,22.76915611296472
243,14,35.74952745840315,2023-08-31,Shipped,Trucks,P0242,Customer A,Los Angeles,Large,500.4933844176441
244,16,45.41646166855959,2023-09-01,Shipped,Classic Cars,P0243,Customer C,Los Angeles,Small,726.6633866969535
245,8,53.22298597502323,2023-09-02,Shipped,Motorcycles,P0244,Customer B,Chicago,Medium,425.7838878001858
246,7,28.028924579432623,2023-09-03,Shipped,Planes,P0245,Customer D,Houston,Large,196.20247205602837
247,3,15.909498350224336,2023-09-04,Shipped,Vintage Cars,P0246,Customer B,New York,Medium,47.728495050673004
248,17,63.0089040319551,2023-09-05,Cancelled,Trains,P0247,Customer C,Houston,Large,1071.1513685432367
249,1,32.4199025578243,2023-09-06,On Hold,Motorcycles,P0248,Customer C,Houston,Large,32.4199025578243
250,16,60.217631035148166,2023-09-07,On Hold,Planes,P0249,Customer A,New York,Medium,963.4820965623707
251,12,19.664457951049222,2023-09-08,Shipped,Motorcycles,P0250,Customer D,Chicago,Small,235.97349541259067
252,19,50.70830967620766,2023-09-09,Shipped,Trucks,P0251,Customer A,Houston,Large,963.4578838479456
253,14,55.595996092400654,2023-09-10,Shipped,Trains,P0252,Customer C,Los Angeles,Medium,778.3439452936092
254,6,9.923235998130556,2023-09-11,Shipped,Vintage Cars,P0253,Customer B,New York,Small,59.53941598878333
255,6,36.977406428422455,2023-09-12,Shipped,Classic Cars,P0254,Customer A,Miami,Small,221.86443857053473
256,13,17.769394309202553,2023-09-13,Shipped,Classic Cars,P0255,Customer A,Chicago,Medium,231.00212601963318
257,19,11.020622194912935,2023-09-14,Shipped,Planes,P0256,Customer B,New York,Large,209.39182170334576
258,8,99.0462220770448,2023-09-15,Shipped,Vintage Cars,P0257,Customer A,Miami,Large,792.3697766163584
259,2,35.623615272598684,2023-09-16,Shipped,Ships,P0258,Customer B,Miami,Medium,71.24723054519737
260,1,81.93807235619032,2023-09-17,Shipped,Trucks,P0259,Customer D,Houston,Small,81.93807235619032
261,15,29.190862202557565,2023-09-18,Shipped,Planes,P0260,Customer B,Houston,Small,437.86293303836345
262,1,69.74275861127327,2023-09-19,On Hold,Ships,P0261,Customer D,Houston,Large,69.74275861127327
263,5,77.22164668952023,2023-09-20,Shipped,Motorcycles,P0262,Customer B,New York,Small,386.10823344760115
264,16,61.585680357745204,2023-09-21,Shipped,Trucks,P0263,Customer C,New York,Small,985.3708857239233
265,19,49.799737912265044,2023-09-22,Shipped,Motorcycles,P0264,Customer C,Chicago,Small,946.1950203330358
266,4,44.12488684399051,2023-09-23,Shipped,Vintage Cars,P0265,Customer D,Houston,Medium,176.49954737596204
267,3,38.14248532158455,2023-09-24,Shipped,Trains,P0266,Customer D,Miami,Large,114.42745596475365
268,17,93.30526870354346,2023-09-25,Shipped,Trucks,P0267,Customer C,Los Angeles,Small,1586.189567960239
269,17,83.90884373983427,2023-09-26,Shipped,Ships,P0268,Customer D,Chicago,Medium,1426.4503435771826
270,12,96.67755651331869,2023-09-27,Shipped,Trains,P0269,Customer B,New York,Medium,1160.1306781598244
271,14,16.80823623112675,2023-09-28,Shipped,Classic Cars,P0270,Customer B,Chicago,Large,235.31530723577447
272,6,74.4324101443462,2023-09-29,Shipped,Ships,P0271,Customer C,Chicago,Small,446.59446086607727
273,3,94.1423433979986,2023-09-30,On Hold,Planes,P0272,Customer A,Chicago,Medium,282.4270301939958
274,9,22.217141285737714,2023-10-01,Shipped,Classic Cars,P0273,Customer B,Chicago,Small,199.95427157163942
275,5,11.317145399843863,2023-10-02,Shipped,Classic Cars,P0274,Customer D,Los Angeles,Large,56.58572699921932
276,17,75.40646168255562,2023-10-03,On Hold,Planes,P0275,Customer A,Houston,Medium,1281.9098486034454
277,14,59.57494575209163,2023-10-04,Shipped,Trucks,P0276,Customer A,Miami,Small,834.0492405292828
278,3,84.97373379203584,2023-10-05,Shipped,Classic Cars,P0277,Customer B,Chicago,Medium,254.92120137610755
279,1,18.2783757794975,2023-10-06,Shipped,Vintage Cars,P0278,Customer B,Chicago,Medium,18.2783757794975
280,1,80.55039462668957,2023-10-07,Shipped,Ships,P0279,Customer A,Chicago,Small,80.55039462668957
281,3,24.15459540453573,2023-10-08,On Hold,Trains,P0280,Customer A,Houston,Large,72.4637862136072
282,18,20.54731457224193,2023-10-09,Shipped,Classic Cars,P0281,Customer C,New York,Small,369.85166230035475
283,10,20.605250803444328,2023-10-10,Cancelled,Ships,P0282,Customer D,New York,Medium,206.0525080344433
284,3,82.3845984219813,2023-10-11,Shipped,Motorcycles,P0283,Customer C,Los Angeles,Medium,247.15379526594387
285,8,68.193735966139,2023-10-12,Shipped,Ships,P0284,Customer B,New York,Medium,545.549887729112
286,14,54.69121535306633,2023-10-13,Shipped,Trains,P0285,Customer C,Chicago,Small,765.6770149429286
287,18,39.088895991732734,2023-10-14,Shipped,Ships,P0286,Customer C,Chicago,Large,703.6001278511892
288,15,88.33405137724529,2023-10-15,Shipped,Planes,P0287,Customer C,Chicago,Medium,1325.0107706586793
289,2,42.28228520515036,2023-10-16,Cancelled,Trains,P0288,Customer C,Los Angeles,Medium,84.56457041030072
290,10,82.57694674979983,2023-10-17,Shipped,Trucks,P0289,Customer D,Chicago,Medium,825.7694674979983
291,2,46.71781631417075,2023-10-18,On Hold,Motorcycles,P0290,Customer D,New York,Medium,93.4356326283415
292,17,40.80972079536622,2023-10-19,Shipped,Planes,P0291,Customer A,Houston,Small,693.7652535212258
293,8,48.954579638612614,2023-10-20,Cancelled,Trucks,P0292,Customer B,Houston,Small,391.6366371089009
294,1,33.6308980455935,2023-10-21,Shipped,Ships,P0293,Customer C,Miami,Large,33.6308980455935
295,9,76.02289111674385,2023-10-22,Shipped,Trains,P0294,Customer A,New York,Small,684.2060200506946
296,11,52.75843705878552,2023-10-23,Cancelled,Motorcycles,P0295,Customer A,Chicago,Medium,580.3428076466407
297,16,27.060206038947644,2023-10-24,Shipped,Planes,P0296,Customer A,Houston,Large,432.9632966231623
298,7,90.459584461084,2023-10-25,Shipped,Trucks,P0297,Customer D,New York,Small,633.2170912275881
299,10,41.46966603045509,2023-10-26,Shipped,Trucks,P0298,Customer C,Houston,Medium,414.69666030455085
300,3,56.63752180582892,2023-10-27,Shipped,Motorcycles,P0299,Customer C,Chicago,Medium,169.91256541748675
301,18,91.11485054163195,2023-10-28,On Hold,Vintage Cars,P0300,Customer B,Houston,Medium,1640.0673097493752
302,13,64.30260961182924,2023-10-29,Shipped,Ships,P0301,Customer C,Miami,Small,835.9339249537801
303,7,16.105313867294587,2023-10-30,Shipped,Motorcycles,P0302,Customer C,Miami,Small,112.73719707106211
304,4,94.28405174328013,2023-10-31,Shipped,Trucks,P0303,Customer A,Houston,Medium,377.1362069731205
305,13,64.6322650417847,2023-11-01,Shipped,Classic Cars,P0304,Customer B,New York,Large,840.2194455432011
306,1,36.81603339242318,2023-11-02,Shipped,Planes,P0305,Customer C,New York,Medium,36.81603339242318
307,8,18.230846903021792,2023-11-03,Shipped,Motorcycles,P0306,Customer D,New York,Medium,145.84677522417434
308,14,80.43239298067812,2023-11-04,Shipped,Vintage Cars,P0307,Customer C,Houston,Small,1126.0535017294937
309,16,63.90691181320879,2023-11-05,Shipped,Trucks,P0308,Customer A,New York,Medium,1022.5105890113406
310,14,55.67880373775054,2023-11-06,Shipped,Ships,P0309,Customer D,Chicago,Small,779.5032523285076
311,12,89.91979538984097,2023-11-07,Shipped,Trucks,P0310,Customer A,Miami,Large,1079.0375446780918
312,19,79.91673506633042,2023-11-08,Shipped,Ships,P0311,Customer C,Chicago,Large,1518.417966260278
313,15,19.40911357461136,2023-11-09,Shipped,Motorcycles,P0312,Customer D,New York,Medium,291.1367036191704
314,2,34.61359644057708,2023-11-10,Shipped,Ships,P0313,Customer B,Chicago,Large,69.22719288115417
315,2,28.606468282374244,2023-11-11,Shipped,Trains,P0314,Customer B,New York,Small,57.21293656474849
316,19,75.67489779440432,2023-11-12,Shipped,Trains,P0315,Customer D,Houston,Medium,1437.823058093682
317,17,8.185581299899042,2023-11-13,Shipped,Trains,P0316,Customer D,Chicago,Small,139.1548820982837
318,10,59.13952006277507,2023-11-14,Shipped,Vintage Cars,P0317,Customer A,Houston,Large,591.3952006277507
319,6,77.4335751453656,2023-11-15,Shipped,Vintage Cars,P0318,Customer D,Houston,Small,464.6014508721936
320,15,88.2927354923662,2023-11-16,Shipped,Classic Cars,P0319,Customer A,Los Angeles,Medium,1324.391032385493
321,11,37.49776612801121,2023-11-17,Shipped,Vintage Cars,P0320,Customer C,New York,Large,412.47542740812327
322,5,83.01944394384122,2023-11-18,Shipped,Motorcycles,P0321,Customer A,Miami,Small,415.0972197192061
323,1,15.510015010744686,2023-11-19,Shipped,Trucks,P0322,Customer D,New York,Small,15.510015010744686
324,8,85.41296771477923,2023-11-20,Cancelled,Trucks,P0323,Customer D,Miami,Medium,683.3037417182338
325,12,17.111422921538328,2023-11-21,Shipped,Classic Cars,P0324,Customer C,New York,Medium,205.33707505845993
326,12,42.74229260323489,2023-11-22,Shipped,Vintage Cars,P0325,Customer D,Houston,Small,512.9075112388186
327,5,80.7430597490576,2023-11-23,Shipped,Ships,P0326,Customer D,Chicago,Small,403.71529874528795
328,7,19.242155598133508,2023-11-24,Shipped,Classic Cars,P0327,Customer B,Chicago,Small,134.69508918693455
329,4,26.77888254710094,2023-11-25,Shipped,Ships,P0328,Customer B,Los Angeles,Large,107.11553018840377
330,6,73.6139939973413,2023-11-26,On Hold,Ships,P0329,Customer C,Miami,Medium,441.68396398404775
331,13,73.40347097187707,2023-11-27,Shipped,Planes,P0330,Customer A,Miami,Small,954.2451226344019
332,15,65.90902512410324,2023-11-28,Shipped,Trucks,P0331,Customer B,Miami,Small,988.6353768615486
333,3,70.9251022243745,2023-11-29,Shipped,Trains,P0332,Customer A,Houston,Small,212.7753066731235
334,8,56.55882211802164,2023-11-30,Shipped,Vintage Cars,P0333,Customer D,Miami,Small,452.4705769441731
335,16,28.92091059616051,2023-12-01,Shipped,Ships,P0334,Customer B,Chicago,Medium,462.73456953856817
336,13,37.84111938287235,2023-12-02,Shipped,Planes,P0335,Customer C,Houston,Small,491.93455197734056
337,18,22.251783096135437,2023-12-03,Shipped,Trucks,P0336,Customer C,New York,Small,400.53209573043785
338,10,91.30280332669469,2023-12-04,Shipped,Trains,P0337,Customer C,Miami,Medium,913.0280332669469
339,19,60.42222050278144,2023-12-05,Shipped,Ships,P0338,Customer B,Miami,Small,1148.0221895528475
340,17,43.080884592545786,2023-12-06,Shipped,Ships,P0339,Customer A,New York,Medium,732.3750380732783
341,19,48.8905513461926,2023-12-07,Shipped,Classic Cars,P0340,Customer D,Miami,Medium,928.9204755776594
342,5,94.99191726312246,2023-12-08,Shipped,Classic Cars,P0341,Customer A,New York,Medium,474.9595863156123
343,9,19.56838329602762,2023-12-09,Shipped,Trucks,P0342,Customer A,Houston,Medium,176.11544966424856
344,12,60.69183404159574,2023-12-10,Shipped,Trains,P0343,Customer D,Chicago,Medium,728.3020084991489
345,1,53.05942449402427,2023-12-11,Shipped,Ships,P0344,Customer D,New York,Large,53.05942449402427
346,1,63.088152366291546,2023-12-12,Shipped,Trucks,P0345,Customer B,Los Angeles,Medium,63.088152366291546
347,15,6.720467462979848,2023-12-13,Cancelled,Trucks,P0346,Customer B,New York,Medium,100.80701194469772
348,2,87.85177134969439,2023-12-14,Shipped,Motorcycles,P0347,Customer B,Miami,Large,175.70354269938878
349,16,93.55123683594317,2023-12-15,Shipped,Vintage Cars,P0348,Customer B,Houston,Medium,1496.8197893750907
350,8,58.68765244097485,2023-12-16,Shipped,Classic Cars,P0349,Customer B,Houston,Small,469.5012195277988
351,13,71.18182826830477,2023-12-17,Shipped,Trains,P0350,Customer D,New York,Small,925.363767487962
352,1,92.6374412118431,2023-12-18,Shipped,Ships,P0351,Customer A,Chicago,Small,92.6374412118431
353,16,72.18767025977287,2023-12-19,Shipped,Trucks,P0352,Customer B,Los Angeles,Large,1155.002724156366
354,7,19.49120907685483,2023-12-20,On Hold,Ships,P0353,Customer B,Houston,Medium,136.4384635379838
355,5,59.74739421584725,2023-12-21,Shipped,Motorcycles,P0354,Customer A,Miami,Large,298.73697107923624
356,3,62.63792940637131,2023-12-22,Shipped,Trains,P0355,Customer B,Miami,Medium,187.91378821911394
357,12,45.29241377372667,2023-12-23,Shipped,Trucks,P0356,Customer A,Chicago,Medium,543.50896528472
358,16,74.96220238434867,2023-12-24,Cancelled,Ships,P0357,Customer A,Houston,Small,1199.3952381495787
359,19,93.76486640305642,2023-12-25,Shipped,Classic Cars,P0358,Customer D,New York,Medium,1781.532461658072
360,5,92.92900872614375,2023-12-26,Cancelled,Vintage Cars,P0359,Customer C,Miami,Medium,464.64504363071876
361,14,47.82974028339255,2023-12-27,Shipped,Motorcycles,P0360,Customer D,Chicago,Large,669.6163639674958
362,5,15.757614354871748,2023-12-28,Cancelled,Trains,P0361,Customer C,Houston,Small,78.78807177435874
363,15,98.55991390142178,2023-12-29,Shipped,Motorcycles,P0362,Customer C,Houston,Medium,1478.3987085213266
364,17,84.69531821236374,2023-12-30,Cancelled,Classic Cars,P0363,Customer C,Houston,Medium,1439.8204096101836
365,14,16.842954714310352,2023-12-31,Shipped,Trains,P0364,Customer B,Houston,Medium,235.80136600034493
366,5,92.47997884865038,2024-01-01,Cancelled,Motorcycles,P0365,Customer D,Houston,Medium,462.3998942432519
367,12,87.64015439590219,2024-01-02,Shipped,Planes,P0366,Customer C,Miami,Medium,1051.6818527508262
368,16,54.28961542697685,2024-01-03,Shipped,Classic Cars,P0367,Customer A,Chicago,Small,868.6338468316296
369,16,61.17116639576828,2024-01-04,Shipped,Classic Cars,P0368,Customer B,Houston,Medium,978.7386623322925
370,7,42.905256867662374,2024-01-05,Shipped,Classic Cars,P0369,Customer D,Los Angeles,Medium,300.3367980736366
371,4,10.202355688092977,2024-01-06,Shipped,Planes,P0370,Customer C,Los Angeles,Large,40.80942275237191
372,1,36.843737956360584,2024-01-07,Shipped,Planes,P0371,Customer A,Chicago,Large,36.843737956360584
373,5,81.27107761681108,2024-01-08,Shipped,Ships,P0372,Customer D,New York,Small,406.35538808405545
374,10,5.440042185437272,2024-01-09,Shipped,Trucks,P0373,Customer D,New York,Small,54.400421854372716
375,5,36.6824213106587,2024-01-10,Cancelled,Vintage Cars,P0374,Customer B,New York,Large,183.41210655329348
376,4,42.826025891139615,2024-01-11,Shipped,Motorcycles,P0375,Customer D,Los Angeles,Medium,171.30410356455846
377,2,56.05258227910267,2024-01-12,On Hold,Ships,P0376,Customer B,New York,Large,112.10516455820535
378,10,92.38628355921225,2024-01-13,Shipped,Motorcycles,P0377,Customer C,Miami,Small,923.8628355921225
379,19,37.90286946476632,2024-01-14,Shipped,Vintage Cars,P0378,Customer B,Houston,Medium,720.15451983056
380,1,37.96055418014163,2024-01-15,Shipped,Trucks,P0379,Customer A,Los Angeles,Large,37.96055418014163
381,5,75.0626185704261,2024-01-16,Shipped,Planes,P0380,Customer B,Chicago,Large,375.31309285213047
382,13,47.96070438453168,2024-01-17,Shipped,Trucks,P0381,Customer A,Chicago,Small,623.4891569989119
383,4,26.337458179298288,2024-01-18,Shipped,Planes,P0382,Customer B,Houston,Medium,105.34983271719315
384,16,47.98175403260587,2024-01-19,Shipped,Vintage Cars,P0383,Customer D,Los Angeles,Medium,767.7080645216939
385,16,18.38141693608099,2024-01-20,Shipped,Trucks,P0384,Customer C,New York,Small,294.1026709772958
386,2,21.756763718091214,2024-01-21,On Hold,Ships,P0385,Customer A,New York,Medium,43.51352743618243
387,17,52.34493841025058,2024-01-22,On Hold,Trains,P0386,Customer B,Miami,Medium,889.8639529742599
388,12,44.797917702932054,2024-01-23,Shipped,Ships,P0387,Customer B,Miami,Large,537.5750124351846
389,18,91.9103606014695,2024-01-24,Shipped,Motorcycles,P0388,Customer B,New York,Medium,1654.386490826451
390,3,39.427420416080146,2024-01-25,Shipped,Ships,P0389,Customer D,Chicago,Small,118.28226124824045
391,1,60.155893276414126,2024-01-26,Shipped,Vintage Cars,P0390,Customer D,Chicago,Small,60.155893276414126
392,1,65.06510735235538,2024-01-27,Shipped,Classic Cars,P0391,Customer A,Miami,Medium,65.06510735235538
393,19,6.243973375891695,2024-01-28,Shipped,Motorcycles,P0392,Customer A,Houston,Small,118.6354941419422
394,11,68.0360503415875,2024-01-29,Shipped,Trucks,P0393,Customer D,New York,Medium,748.3965537574625
395,5,21.913416852626387,2024-01-30,Cancelled,Motorcycles,P0394,Customer A,Miami,Small,109.56708426313193
396,12,96.30168015959823,2024-01-31,Shipped,Trains,P0395,Customer C,Miami,Large,1155.6201619151789
397,3,19.12295913654573,2024-02-01,Shipped,Planes,P0396,Customer C,New York,Large,57.36887740963719
398,1,44.38929175406725,2024-02-02,Shipped,Trucks,P0397,Customer D,New York,Medium,44.38929175406725
399,1,13.108218467471167,2024-02-03,Shipped,Motorcycles,P0398,Customer A,Chicago,Large,13.108218467471167
400,8,99.703053925365,2024-02-04,Shipped,Trucks,P0399,Customer B,Houston,Medium,797.62443140292
401,10,52.70852598146804,2024-02-05,On Hold,Trucks,P0400,Customer C,Houston,Medium,527.0852598146804
402,11,61.56157664540416,2024-02-06,Shipped,Trucks,P0401,Customer D,New York,Small,677.1773430994458
403,12,11.37226535190061,2024-02-07,Cancelled,Planes,P0402,Customer A,Los Angeles,Medium,136.46718422280733
404,13,76.24624468792189,2024-02-08,Shipped,Vintage Cars,P0403,Customer D,Miami,Medium,991.2011809429846
405,12,24.94103134408065,2024-02-09,Shipped,Ships,P0404,Customer B,Miami,Large,299.2923761289678
406,14,90.31515749686781,2024-02-10,Shipped,Trucks,P0405,Customer C,New York,Medium,1264.4122049561493
407,2,24.488265845790682,2024-02-11,Shipped,Classic Cars,P0406,Customer D,Los Angeles,Large,48.976531691581364
408,19,23.115333463048323,2024-02-12,Cancelled,Vintage Cars,P0407,Customer D,Chicago,Medium,439.19133579791816
409,18,8.472218445569013,2024-02-13,On Hold,Trains,P0408,Customer D,New York,Small,152.49993202024223
410,3,49.84635978544993,2024-02-14,Shipped,Planes,P0409,Customer B,New York,Large,149.5390793563498
411,17,58.65990765994856,2024-02-15,Shipped,Motorcycles,P0410,Customer D,Miami,Medium,997.2184302191255
412,8,11.242320745693474,2024-02-16,Shipped,Planes,P0411,Customer B,New York,Small,89.9385659655478
413,10,78.675123586026,2024-02-17,On Hold,Motorcycles,P0412,Customer B,New York,Medium,786.7512358602601
414,2,48.062439301062625,2024-02-18,Shipped,Planes,P0413,Customer B,New York,Small,96.12487860212525
415,19,54.817075586120104,2024-02-19,Shipped,Motorcycles,P0414,Customer C,Miami,Medium,1041.524436136282
416,9,46.87246095913167,2024-02-20,Shipped,Trucks,P0415,Customer C,Chicago,Medium,421.85214863218505
417,7,43.07249078315597,2024-02-21,Shipped,Ships,P0416,Customer D,Chicago,Medium,301.5074354820918
418,4,58.1658314742807,2024-02-22,Shipped,Motorcycles,P0417,Customer D,New York,Large,232.6633258971228
419,18,19.747823363417687,2024-02-23,Shipped,Motorcycles,P0418,Customer C,Miami,Medium,355.4608205415184
420,13,22.283172397050755,2024-02-24,On Hold,Classic Cars,P0419,Customer A,Chicago,Small,289.68124116165984
421,11,86.86963399628414,2024-02-25,Shipped,Motorcycles,P0420,Customer C,Chicago,Medium,955.5659739591255
422,4,94.88096890269512,2024-02-26,Shipped,Classic Cars,P0421,Customer B,Chicago,Large,379.52387561078046
423,4,40.46438504657653,2024-02-27,On Hold,Trains,P0422,Customer C,Miami,Small,161.85754018630612
424,10,30.720743948637608,2024-02-28,Shipped,Trucks,P0423,Customer B,Miami,Small,307.2074394863761
425,5,66.17995660770649,2024-02-29,Cancelled,Classic Cars,P0424,Customer D,New York,Small,330.8997830385324
426,9,43.82974625431916,2024-03-01,Shipped,Ships,P0425,Customer A,Houston,Small,394.46771628887245
427,3,7.411703787732762,2024-03-02,Shipped,Vintage Cars,P0426,Customer D,Chicago,Large,22.235111363198286
428,17,19.834496749788084,2024-03-03,Cancelled,Trucks,P0427,Customer B,Houston,Medium,337.1864447463974
429,3,73.01736174050276,2024-03-04,Shipped,Classic Cars,P0428,Customer B,Miami,Small,219.0520852215083
430,16,67.59777448146437,2024-03-05,Shipped,Trucks,P0429,Customer B,Miami,Medium,1081.56439170343
431,4,7.574119287830932,2024-03-06,Shipped,Trucks,P0430,Customer A,Miami,Small,30.296477151323728
432,18,26.087355383630197,2024-03-07,Shipped,Trucks,P0431,Customer C,Houston,Large,469.57239690534357
433,17,26.952105675866783,2024-03-08,Shipped,Trains,P0432,Customer D,Miami,Large,458.1857964897353
434,7,68.82981064187919,2024-03-09,Shipped,Ships,P0433,Customer D,New York,Small,481.80867449315434
435,5,6.872501086664595,2024-03-10,On Hold,Planes,P0434,Customer C,Miami,Large,34.36250543332298
436,12,14.890315288534515,2024-03-11,Shipped,Planes,P0435,Customer D,Los Angeles,Medium,178.68378346241417
437,17,80.99202811045299,2024-03-12,Shipped,Classic Cars,P0436,Customer A,Houston,Small,1376.864477877701
438,13,21.96174289516169,2024-03-13,Shipped,Trucks,P0437,Customer D,Los Angeles,Small,285.502657637102
439,3,67.01088024592809,2024-03-14,Shipped,Classic Cars,P0438,Customer B,Miami,Medium,201.03264073778428
440,9,27.627364199439018,2024-03-15,Shipped,Trains,P0439,Customer C,New York,Medium,248.64627779495117
441,17,14.44693231213779,2024-03-16,On Hold,Trains,P0440,Customer A,Chicago,Large,245.59784930634243
442,17,28.101358144948136,2024-03-17,Shipped,Motorcycles,P0441,Customer C,Miami,Medium,477.7230884641183
443,16,73.61535852628762,2024-03-18,Shipped,Trains,P0442,Customer A,New York,Large,1177.845736420602
444,13,86.29116447009714,2024-03-19,Shipped,Motorcycles,P0443,Customer B,Houston,Medium,1121.7851381112628
445,19,83.8708871338642,2024-03-20,Shipped,Ships,P0444,Customer C,Los Angeles,Large,1593.5468555434197
446,17,42.73243531375321,2024-03-21,Shipped,Classic Cars,P0445,Customer D,Los Angeles,Medium,726.4514003338045
447,4,68.46808797421139,2024-03-22,Shipped,Vintage Cars,P0446,Customer A,Los Angeles,Small,273.87235189684554
448,12,24.473508064502994,2024-03-23,Cancelled,Ships,P0447,Customer C,Houston,Medium,293.6820967740359
449,9,32.84903437479626,2024-03-24,Shipped,Trains,P0448,Customer D,New York,Large,295.64130937316634
450,19,90.15190275950638,2024-03-25,Shipped,Ships,P0449,Customer C,Houston,Small,1712.8861524306212
451,12,6.235182733519924,2024-03-26,Shipped,Ships,P0450,Customer C,Los Angeles,Large,74.82219280223909
452,9,13.123310431174467,2024-03-27,Shipped,Ships,P0451,Customer C,Miami,Small,118.10979388057021
453,7,24.749194238872594,2024-03-28,Shipped,Trains,P0452,Customer A,Chicago,Medium,173.24435967210815
454,14,7.520559368012873,2024-03-29,Shipped,Vintage Cars,P0453,Customer D,Houston,Large,105.28783115218022
455,19,22.236366333530746,2024-03-30,Shipped,Trucks,P0454,Customer B,Houston,Small,422.4909603370842
456,15,60.38894829212076,2024-03-31,Shipped,Ships,P0455,Customer A,New York,Small,905.8342243818114
457,16,45.0353323062873,2024-04-01,Shipped,Motorcycles,P0456,Customer A,New York,Medium,720.5653169005968
458,5,89.8038125523126,2024-04-02,Shipped,Trains,P0457,Customer A,Houston,Large,449.019062761563
459,3,82.65713836515188,2024-04-03,Cancelled,Ships,P0458,Customer B,Los Angeles,Small,247.97141509545565
460,12,37.472648411298216,2024-04-04,Cancelled,Vintage Cars,P0459,Customer D,Chicago,Large,449.67178093557857
461,4,29.645226175972788,2024-04-05,Shipped,Trucks,P0460,Customer D,New York,Small,118.58090470389115
462,16,41.07077877589035,2024-04-06,Cancelled,Trains,P0461,Customer D,Los Angeles,Large,657.1324604142457
463,7,61.07801953890674,2024-04-07,Shipped,Planes,P0462,Customer C,Miami,Large,427.54613677234715
464,13,30.466045878173244,2024-04-08,Shipped,Trucks,P0463,Customer C,New York,Medium,396.05859641625216
465,10,64.29414624566773,2024-04-09,Shipped,Motorcycles,P0464,Customer C,Los Angeles,Medium,642.9414624566773
466,7,43.89410695816784,2024-04-10,Shipped,Ships,P0465,Customer B,Los Angeles,Medium,307.25874870717485
467,14,57.444482180938124,2024-04-11,Shipped,Vintage Cars,P0466,Customer C,Chicago,Medium,804.2227505331338
468,5,46.43202026785509,2024-04-12,On Hold,Planes,P0467,Customer B,Chicago,Small,232.16010133927543
469,3,32.97424715648218,2024-04-13,Shipped,Vintage Cars,P0468,Customer D,Miami,Small,98.92274146944654
470,11,95.10306416140489,2024-04-14,Shipped,Planes,P0469,Customer C,Los Angeles,Small,1046.1337057754538
471,11,77.54255044517728,2024-04-15,Shipped,Trains,P0470,Customer C,Los Angeles,Medium,852.9680548969501
472,18,18.31075169781299,2024-04-16,On Hold,Planes,P0471,Customer A,Chicago,Small,329.5935305606338
473,15,87.50445771030172,2024-04-17,Shipped,Motorcycles,P0472,Customer B,New York,Medium,1312.5668656545258
474,12,51.3059638337038,2024-04-18,Shipped,Motorcycles,P0473,Customer D,New York,Large,615.6715660044456
475,9,89.98246155493868,2024-04-19,Shipped,Classic Cars,P0474,Customer A,Houston,Small,809.8421539944482
476,10,80.98624931499495,2024-04-20,Shipped,Motorcycles,P0475,Customer A,Chicago,Medium,809.8624931499495
477,12,45.39528292457718,2024-04-21,On Hold,Trucks,P0476,Customer D,Houston,Medium,544.7433950949262
478,17,7.134584290411153,2024-04-22,On Hold,Planes,P0477,Customer A,Chicago,Large,121.2879329369896
479,6,30.52434914156988,2024-04-23,Shipped,Motorcycles,P0478,Customer B,Miami,Large,183.14609484941928
480,7,56.45525039278236,2024-04-24,On Hold,Trains,P0479,Customer B,Los Angeles,Large,395.1867527494765
481,14,65.180430883484,2024-04-25,Shipped,Vintage Cars,P0480,Customer C,Miami,Large,912.5260323687759
482,13,29.499330116154216,2024-04-26,Cancelled,Vintage Cars,P0481,Customer A,Chicago,Small,383.4912915100048
483,8,18.238827036918295,2024-04-27,Shipped,Classic Cars,P0482,Customer C,Los Angeles,Large,145.91061629534636
484,10,84.31837249593342,2024-04-28,Shipped,Vintage Cars,P0483,Customer A,New York,Medium,843.1837249593342
485,9,98.51820716683746,2024-04-29,Shipped,Planes,P0484,Customer B,New York,Small,886.6638645015371
486,18,54.94056731875516,2024-04-30,Shipped,Classic Cars,P0485,Customer B,Houston,Large,988.9302117375928
487,2,21.309532155588833,2024-05-01,Shipped,Planes,P0486,Customer B,Chicago,Small,42.61906431117767
488,5,30.869196019340052,2024-05-02,Shipped,Trains,P0487,Customer A,Chicago,Medium,154.34598009670026
489,5,6.747114272009339,2024-05-03,Shipped,Classic Cars,P0488,Customer B,New York,Small,33.7355713600467
490,6,91.8583866232474,2024-05-04,Shipped,Ships,P0489,Customer A,Miami,Medium,551.1503197394844
491,19,16.186352874563408,2024-05-05,Shipped,Trucks,P0490,Customer C,Los Angeles,Medium,307.5407046167048
492,8,59.76906517385409,2024-05-06,Shipped,Trucks,P0491,Customer A,Miami,Medium,478.1525213908327
493,16,31.03524596528457,2024-05-07,On Hold,Planes,P0492,Customer C,Miami,Medium,496.5639354445531
494,13,57.64691023900038,2024-05-08,Shipped,Vintage Cars,P0493,Customer A,New York,Small,749.4098331070049
495,1,66.8849368934271,2024-05-09,Shipped,Ships,P0494,Customer C,New York,Large,66.8849368934271
496,17,83.82547135218415,2024-05-10,Shipped,Classic Cars,P0495,Customer B,New York,Small,1425.0330129871306
497,7,24.610020817257304,2024-05-11,Cancelled,Ships,P0496,Customer C,Houston,Medium,172.27014572080114
498,13,6.044603722555646,2024-05-12,Shipped,Ships,P0497,Customer B,Miami,Large,78.5798483932234
499,4,18.00413485653669,2024-05-13,Shipped,Vintage Cars,P0498,Customer B,Chicago,Large,72.01653942614676
500,4,90.50177097556998,2024-05-14,Cancelled,Classic Cars,P0499,Customer C,Los Angeles,Medium,362.00708390227993
